theta0,theta1
8469.887211264357,-0.02116638999622133
